,A,B,C,D
2000-01-01,-0.26324290122184535,-0.2308933682053432,-1.1462523970219654,-2.3014094074201856
2000-01-02,-0.6187955006229571,0.9015695716270434,-0.6293677621909349,-2.2893123976241676
2000-01-03,0.049192296444598216,0.4012592972365263,-1.341847213392897,-1.2300804155848721
2000-01-04,0.2798341456892772,-0.16847015589991865,-2.042626232126446,-0.8153462961807966
2000-01-05,1.2054494369202686,-0.08259745330658519,-2.8459541703319866,-0.6380264147972063
2000-01-06,0.17017981488438827,-0.03161289493076242,-0.7118127249064043,-1.3094007443095805
2000-01-07,0.5478502981253699,-0.6950327297374227,-0.31670579231834756,-2.2734531280923305
2000-01-08,2.163722753609174,0.7947426360476594,-1.4787017448337503,-1.5524523680347162
2000-01-09,2.2887116816656556,-0.10402059540147202,-1.8549474086977928,-2.810017926455547
2000-01-10,1.839558312142775,1.0191449515523439,-2.2627808008668415,-3.553002831505677
2000-01-11,1.9913919581976036,1.5408282852369335,-3.2528150192567526,-3.6392154846090605
2000-01-12,1.2352153767531786,2.5145684626276816,-2.657797462452608,-2.8027232455949167
2000-01-13,0.9118832522781467,1.5946309814518482,-3.5586462231478477,-1.7019193144253497
2000-01-14,2.2157236809735323,0.06047180109707995,-2.979535231934589,-1.0535124082387974
2000-01-15,3.0639532488055323,0.7654501841432495,-1.7790305591192037,-0.3156276554296401
2000-01-16,1.8413249921359334,-0.302222499935078,-2.1382791909705596,1.5062282192504566
2000-01-17,2.1316645921884274,0.6726935678248266,-2.0088601489566487,0.9113800903640539
2000-01-18,3.3031469184271263,0.5756894528650391,-0.4718724683607478,1.9084222856995878
2000-01-19,2.965673505540173,0.6596325565671256,-0.48572758910729813,3.7203912645454906
2000-01-20,1.2106286222263603,0.5341877032909025,0.2125166005354701,4.215967895299478
2000-01-21,0.4373038670961815,0.6292401856858705,0.30393652479541167,2.8675270346505757
2000-01-22,1.8737713587109148,0.3665902790488736,1.624140302270614,3.734730486909374
2000-01-23,1.8564956395133945,0.9833438295923123,2.0217187150967595,2.590097669191618
2000-01-24,3.7403749410946863,1.0091052658084232,0.11020873663702235,2.9884878423515002
2000-01-25,3.441652444515732,1.369895341188345,-0.731875072101608,2.1310818374276383
2000-01-26,1.5734245614560836,2.9673983716504404,-2.1751340289152292,1.4731174147474666
2000-01-27,2.3274656317767017,3.9020767964733283,-3.0912329055296643,2.694863555354584
2000-01-28,2.0628434669435927,2.9041120052184777,-2.4621184408988843,2.391572760039389
2000-01-29,2.7058516118045546,2.4096269385747253,-3.724895928306948,3.3902104475292756
2000-01-30,2.9381648725082132,0.06181901294805714,-3.5319256894065605,3.6320079262412603
2000-01-31,3.3796255556646235,0.1198862517405841,-2.7312630338765995,5.325030953800502
2000-02-01,3.955657369305603,1.517245464848627,-2.505174993812483,4.780422179405395
2000-02-02,5.977201066600019,2.1461452767504743,-2.3070064186706856,4.3409263374305445
2000-02-03,4.366967958087523,2.666746180071473,-4.148231923269921,3.861311470116349
2000-02-04,5.887540688213318,3.6977605946837966,-4.529551169351357,4.491791960089712
2000-02-05,6.527547987898657,2.423224833503988,-4.192373310808235,2.8461613826928236
2000-02-06,7.704514270699364,2.1521039265856907,-3.305785085271802,1.8574269175673268
2000-02-07,8.106112055767152,1.8985213894593354,-2.687156133677475,2.8360857837368325
2000-02-08,7.7463269679292575,5.274349646258668,-1.7240258094295462,3.8915436489005364
2000-02-09,6.328180436291323,4.270438255798032,-0.9145706914341813,3.5187981053758155
2000-02-10,6.19072306345813,3.524813261573139,-2.470930411282185,3.4434772072414863
2000-02-11,4.634729405117994,4.344064379436643,-2.648081869693466,4.551876769213038
2000-02-12,3.93386520776022,4.53845001202897,-3.5444314098059584,6.172241568177178
2000-02-13,2.854079812664901,2.8947072704307937,-3.453331096833383,5.552618904546803
2000-02-14,2.420714473800249,5.404774642499684,-3.3809967384448676,3.6918346535137143
2000-02-15,3.5999503535108843,5.2283888481210266,-4.654762519658806,4.090614633553434
2000-02-16,4.028008556396715,5.223133704865398,-3.090342251458506,4.991367986020951
2000-02-17,3.3742107521037226,4.480549873337242,-4.859351180930009,3.12957206293449
2000-02-18,5.476188843333538,3.4040567150497734,-4.81706832593852,4.164255937937954
2000-02-19,5.266478329149287,3.2716396078139294,-3.6001961694328104,4.55650650238243
2000-02-20,7.142893051524862,4.296397632286238,-3.796948706334017,4.283623562417999
2000-02-21,7.49035282594685,4.264992120563601,-3.456564933832691,4.142286953448849
2000-02-22,8.141687546009859,3.3095964916359746,-4.568924258030908,4.5401876878352
2000-02-23,8.790947228334009,2.053817451997534,-5.643700065908174,5.350707425862086
2000-02-24,8.740133579587777,1.019971290745203,-6.650102622381699,3.398580168812214
2000-02-25,7.57540933418117,1.4407246584312787,-7.650812522017851,2.3456619009598345
2000-02-26,5.9113946310587995,2.4507704395762655,-8.473769122381984,2.4342897889652697
2000-02-27,4.669414990958755,1.8670693634142042,-8.586487874130226,2.018201179428312
2000-02-28,4.724402151579956,3.7590745704715074,-6.869831944672512,2.0072455927454422
2000-02-29,4.043381328489258,2.873061350971041,-5.8086597432609866,2.245307287983325
2000-03-01,3.595469495874564,3.2684910379343814,-5.161370471026799,2.121283579032891
2000-03-02,1.9247758176517022,3.702197393652569,-6.661912210480784,2.384183823685907
2000-03-03,1.3456522395289197,3.107689663825984,-7.099047655091531,1.3756991250313564
2000-03-04,0.013724295311466461,2.5793713754934755,-6.715369056710959,1.3569617586026204
2000-03-05,-0.1066952130652997,3.5628615632743497,-5.2508590886283635,2.221809233151031
2000-03-06,1.286465596165423,5.629491935792007,-5.643657078480896,2.442027214018143
2000-03-07,1.6032808116180988,4.263491321121593,-4.327790442893826,1.1879176477802311
2000-03-08,0.22888994574457633,6.469391159953754,-3.556990413806674,2.337260708677225
2000-03-09,-0.42809203883086233,7.985040748015502,-3.9230617520723037,2.5018216123990578
2000-03-10,-0.6429247933585064,7.002226929901419,-5.455536764326281,3.0187622504927676
2000-03-11,-2.73011192848751,9.169180524578934,-5.532423058104263,1.5089022371631418
2000-03-12,-3.0131150499867094,6.785883742285464,-5.293115386392715,1.4417278979466421
2000-03-13,-3.980491365847407,5.827054928286331,-4.632547685905384,1.7351569202869608
2000-03-14,-3.657515929503461,7.135578947043175,-3.8982270854641454,2.582393472971294
2000-03-15,-6.8086861133042005,7.337567394988675,-3.6460157077172934,1.2000384235134556
2000-03-16,-8.349988693861787,8.542904593172581,-2.726529485988567,0.20085884317267522
2000-03-17,-9.767150443055115,11.19752849704799,-3.6643059449894815,1.6802341993424574
2000-03-18,-9.17787718573176,10.004245383605145,-2.628881742737212,1.7352083081368423
2000-03-19,-7.394585560483823,9.784232942809092,-3.2408392680702276,1.7061469564095388
2000-03-20,-7.644429265753739,9.388050715539487,-3.2204868933687045,0.9006382771444583
2000-03-21,-8.04296500736165,9.745933045254047,-4.159059095704865,1.6314237536841953
2000-03-22,-7.45081375610618,10.062363757432287,-3.9780432804276655,1.1798113523841864
2000-03-23,-7.774150116763114,9.517412657289004,-4.053416119675961,0.500492578977915
2000-03-24,-7.417089725320952,8.923965065914446,-3.8203809402140716,2.4790301447915657
2000-03-25,-10.182498820118283,10.746711297583225,-5.381552291110399,3.6788774993263638
2000-03-26,-10.183970423776085,10.931805730868808,-4.745936822760591,4.35665563382679
2000-03-27,-8.184050382119915,10.757407378241355,-2.5004048126999976,3.6204470967727063
2000-03-28,-8.32851909703748,11.566645211254029,-3.3461464295280896,2.7804378775116803
2000-03-29,-9.28480291950595,10.92537400215849,-2.797093333054138,2.0558673872551974
2000-03-30,-7.997306837676862,10.947366677287437,-2.312969882713411,1.2744682714920197
2000-03-31,-8.061630055172131,10.15680994562003,-3.887328095713526,0.5719546145004835
2000-04-01,-8.708333352224773,9.766190784993658,-4.193466868778267,1.927710580222466
2000-04-02,-9.121339494567696,10.942879551800331,-3.8222349185719535,2.2665401547918322
2000-04-03,-10.365246368076294,8.838806070993318,-4.074514294814421,2.2038178549312946
2000-04-04,-9.833861819860727,9.604254855133556,-5.096174855907028,2.4595032933459735
2000-04-05,-11.56038826763287,10.728987024800887,-5.770290862523864,3.5685998099703777
2000-04-06,-10.836485063308498,9.604540585036041,-4.756133197425058,1.751234846825277
2000-04-07,-10.222043346260856,8.146133480972047,-3.42793340955574,2.645472789592686
2000-04-08,-9.716631402506517,7.617439775139169,-3.988920385448791,1.5989769319857665
2000-04-09,-9.675148238034406,6.643320122722192,-3.406370989791632,0.21240327193172437
2000-04-10,-10.51207326580253,4.863876518193761,-2.8449119677991157,-0.8310076377341207
2000-04-11,-13.074735046053958,4.524493959204641,-2.304560779276435,-0.5904308631325478
2000-04-12,-12.311871312071762,4.748680994579321,-1.0422936071544067,-0.15981559628379272
2000-04-13,-13.043842503737771,5.172284296393923,-0.32374744950012135,-2.5008367284558193
2000-04-14,-12.465946281076771,5.487909117451371,0.02338934488386457,-2.7166897448092473
2000-04-15,-11.745174086833979,5.874135504166846,-0.4452429150327201,-3.0994734357544003
2000-04-16,-12.27662607496686,5.913447411257278,-0.6868429825050361,-4.049082012172998
2000-04-17,-13.090774973953957,7.036978980216448,1.001542934539942,-3.3766120170047187
2000-04-18,-11.685495803825802,8.183800163818903,2.2304966351599536,-2.0175259920084745
2000-04-19,-12.792213485279856,8.397521187474352,3.109881779859817,-3.1917479376926368
2000-04-20,-13.12423940783339,8.774664183037151,3.108650739440071,-4.715798202371678
2000-04-21,-12.290917638197243,8.224058077999333,3.0606492544369557,-3.395820843680014
2000-04-22,-12.30971717243595,8.099174064198607,3.173337224558085,-3.589234832614249
2000-04-23,-12.765587355464106,7.131530314180828,3.2909857449594675,-4.833041452055743
2000-04-24,-13.597561657648496,6.904467272183585,3.0235900888129335,-3.07616198304794
2000-04-25,-13.31992718576803,5.9220942499364835,2.97152988988564,-2.437935073600066
2000-04-26,-12.552566105959253,5.913499338334435,2.241134715511146,-1.2921456847947463
2000-04-27,-14.474041287491659,6.5763323794696165,1.1906011020766065,-2.199195764586902
2000-04-28,-15.33888970455019,7.101566682262476,0.9159577477708616,-1.3589499547203239
2000-04-29,-13.334814715466187,6.325148156522927,0.95700857899724,-2.7141801102251435
2000-04-30,-15.104784497246522,7.318835251375339,1.2090848626534165,-1.754535032079739
2000-05-01,-16.27989543784821,8.106979729450204,2.5934827364542192,-1.8829717149847771
2000-05-02,-16.455611928663984,8.570858073853325,2.1121416727368363,-2.264686820475628
2000-05-03,-15.491832984101489,8.4567962560592,2.255206825170197,-2.777920654399603
2000-05-04,-14.66393247219296,8.983393239089585,2.866479043456772,-2.9219877515630577
2000-05-05,-14.890479159490797,10.031749011749113,2.0538936006592,-1.091389272644388
2000-05-06,-14.891103768095286,10.474117947383276,0.5061099332394381,-1.299506092516559
2000-05-07,-15.565028736295856,11.367844790330151,1.6313135096857458,-1.1728443880754313
2000-05-08,-16.910114628150158,10.121795474648632,-0.2857792035910738,-0.9660267350803002
2000-05-09,-16.321479206500314,10.600958234779396,-1.147580189843863,0.16111559900075578
2000-05-10,-15.589298104229341,10.289320153869388,-1.5951100974863663,-1.03958385136699
2000-05-11,-16.054557142694893,10.405905124660707,-2.063392420180121,-1.898068071491632
2000-05-12,-15.100329940398408,9.639273979135035,-2.0853917207127566,-1.982138233063424
2000-05-13,-15.01050481117964,10.025942849672958,-2.3000809188791056,-1.333619260552281
2000-05-14,-16.4536705101421,10.763991534135773,-1.0813612333599096,-0.3417140141451682
2000-05-15,-18.544503027313112,10.391541418185067,-1.2039352429096672,-0.20613414642292024
2000-05-16,-19.371973589919183,10.731302419955243,-1.1762017442779062,-0.22651497079556768
2000-05-17,-19.579053176646482,10.388391786962563,-1.1607434093166915,0.7508008545017575
2000-05-18,-18.343670472232045,9.25298119070229,-1.9902787725392255,1.0977807420096881
2000-05-19,-18.187586783812108,8.2654555592243,-0.9943892570211853,1.161323054535463
2000-05-20,-16.341979215090145,8.317594570214665,-1.8495666380087545,-0.23122271687774076
2000-05-21,-17.284579673494257,8.613560869349222,-0.441802657254748,-0.2123606803487164
2000-05-22,-17.985715827821295,9.373527799700433,-0.2642764670066353,0.9190779934942499
2000-05-23,-17.593799245476763,8.65046197823933,2.16430749697691,0.8722746875733431
2000-05-24,-18.28437149688862,8.253512350106943,2.612416291738174,2.0338321159166926
2000-05-25,-18.241070563472782,9.474366348608172,0.6175207552391588,0.17185024257199322
2000-05-26,-17.63000702956708,9.341675693082593,0.4559190141863312,1.3157028490131848
2000-05-27,-16.704820823186154,9.707493452301078,1.8169090532661023,2.7923846342692054
2000-05-28,-15.68944334710255,10.081966162772416,2.616174765140842,2.811990996166392
2000-05-29,-17.973306624060072,10.132856419802472,1.6783043347157323,3.0262796908636584
2000-05-30,-18.665241019334108,7.934468937831399,1.8688005962241387,2.1916415016768793
2000-05-31,-18.231478652090654,9.58884988949795,0.07976200809273082,1.2089694073326016
2000-06-01,-19.741319484286688,9.361153414343061,1.7340747518710313,-0.6765172662442238
2000-06-02,-18.05624062570067,8.293793653334061,1.8949460100126774,-1.7099249804688443
2000-06-03,-17.809041283974736,7.885948647607118,3.4105630820107327,-2.9835542388151497
2000-06-04,-19.137685541935728,8.83177304790424,2.949095084351625,-4.452693255187366
2000-06-05,-18.283011901266025,8.861724480327727,3.085259514373047,-3.139432657373484
2000-06-06,-20.03645545275419,8.840397810104475,4.581189247544954,-1.752075299061144
2000-06-07,-19.702612413665864,8.208368443878522,3.841128174006274,-1.8239944113096926
2000-06-08,-18.663763338473686,7.693328770740947,4.023272945984377,-1.4856726220402325
2000-06-09,-19.96221707688697,8.82107879037118,4.938571529304095,-2.863111596742339
2000-06-10,-19.592933924244747,8.063438800328814,3.4465286105994504,-3.3719882926920026
2000-06-11,-22.177482985236583,8.0547058067384,3.675580576102112,-2.914537954884557
2000-06-12,-21.64155589448608,6.975896245158414,3.5145834468228547,-4.3378262971797
2000-06-13,-22.70104087687169,7.596216374657585,3.332779057719229,-4.0352669565427615
2000-06-14,-24.13963752841658,6.223913108598749,3.7332616597021517,-3.675753653978644
2000-06-15,-23.39231012506491,5.289260098575279,2.3444880819924165,-3.5686758518953674
2000-06-16,-22.96641554207436,6.318249291797718,2.365536916527448,-3.2678505101130924
2000-06-17,-23.237276086214976,4.769989576250067,2.5538330711441537,-3.513501347303756
2000-06-18,-23.062384525801967,7.272047871786467,3.7519214834626764,-2.991713525092976
2000-06-19,-23.060591546219655,8.388075069918782,3.7409214447170043,-2.171064130132514
2000-06-20,-22.35397318674786,9.057663952897695,2.9333523580400946,-1.9685055505313733
2000-06-21,-21.09844301814999,10.354521926358041,1.6189801996427942,-1.937810524749952
2000-06-22,-21.33049016635504,8.676471909776055,-0.20600636436710595,-1.9860555294671187
2000-06-23,-20.376176586430628,9.125271838991347,0.9873436398393438,-1.1276780186051354
2000-06-24,-21.43345346649238,9.066120925807107,2.142743188171972,-0.2723230597251127
2000-06-25,-21.19738753486987,8.556765018708576,1.7113658396253157,0.8401909029159875
2000-06-26,-22.437814701282903,8.731898759674726,-0.190722686013288,-0.13640738032640243
2000-06-27,-22.59412170292126,10.147001537758536,-0.9329210484081647,1.0298337442317194
2000-06-28,-21.430097381155228,10.690745671281723,-0.5008630368140905,-0.07356262752342224
2000-06-29,-21.457593870130655,10.563699983915486,-2.6189033307740033,0.0062390452793549545
2000-06-30,-22.116363482608893,11.169212599853834,-2.503776305281951,-0.37600581070381156
2000-07-01,-21.569635895764204,10.562931144076279,-1.7195730827316211,1.2397394141812141
2000-07-02,-20.802883179328152,10.755982979486427,-1.4751008044409417,2.2286487677427136
2000-07-03,-22.038045283378068,9.130733383772867,-0.3128164754178564,3.230781929650392
2000-07-04,-23.842137023340204,8.610657511014402,-0.9619933355982853,2.811427094852949
2000-07-05,-24.158265172615046,10.080765122694052,-1.3202817544230099,2.192466156287438
2000-07-06,-24.40686159093442,10.797051146122183,0.9025822598040287,4.126508734174777
2000-07-07,-24.09794590878736,12.04386371359901,0.10464381188627336,2.8263487507182052
2000-07-08,-25.01753101422964,10.208139565271523,0.18809675427159755,2.9001972683341526
2000-07-09,-26.612840239714956,9.520349360075407,1.2834693301902869,4.44164643469258
2000-07-10,-25.526110372170514,9.645652066690252,-0.47513594931390424,4.350257570250037
2000-07-11,-26.83301923083995,9.108259110639912,0.3720676783248321,5.904869159397071
2000-07-12,-25.488431914284703,10.345046960654306,0.8698967851519621,5.983306311961402
2000-07-13,-24.471906135999284,11.163068636462452,0.5775361682252609,5.942090642037036
2000-07-14,-24.475604717912443,14.075454408991103,1.3067189803805555,6.6588910534741474
2000-07-15,-23.35325330939585,13.635058520753866,2.632405985821706,5.148956286293302
2000-07-16,-22.656172385886173,14.639892775992337,2.165905676009179,6.368525390209884
2000-07-17,-22.481022405738834,16.50748313325811,1.961610509572576,7.689796575625204
2000-07-18,-22.207514100251025,15.361251303017783,2.396418546083761,7.4392512994966795
2000-07-19,-22.856467603696384,15.53812290323265,2.1850616586473404,7.527471386052143
2000-07-20,-21.49643811500887,14.510649606185455,2.6659556057527265,7.649731151876069
2000-07-21,-23.098957523692988,14.217586875662859,2.599512623035387,7.825889868105514
2000-07-22,-24.5307218763489,14.327248352680568,2.3198653498469914,9.423118249987605
2000-07-23,-24.350855384578953,13.543721960890268,3.175778654735017,9.283166766264515
2000-07-24,-23.56278168248207,12.35156074041675,4.1136805300265396,9.236659332428658
2000-07-25,-22.72005490170487,12.12701313987845,5.4675909789659,6.125336503840485
2000-07-26,-22.194024052627874,13.562820898032736,7.720428315433388,6.75782968978379
2000-07-27,-22.348922063135408,13.934975343334695,6.772429429242776,7.021311521911169
2000-07-28,-22.315562027968962,12.776644158234362,6.414580750871449,5.585453455910442
2000-07-29,-21.319845534621994,13.085397337315287,7.133610371302062,5.706381812001706
2000-07-30,-23.9034070796094,14.673603519680524,7.376234462026098,6.452392233575797
2000-07-31,-24.415046606078366,13.166140581462802,8.062375328371893,6.821603028091821
2000-08-01,-24.54320458326569,11.73637336057772,7.898594110407107,7.665641655294768
2000-08-02,-25.199374274220567,11.557938463699855,7.715027582134078,6.226327695090077
2000-08-03,-23.248894706846812,11.85673987254115,8.188412430014187,4.274456675877232
2000-08-04,-21.702565958643476,12.446503878462957,8.136070089566488,4.593870944140837
2000-08-05,-22.833137943085053,12.256734065689333,9.441323572202101,5.82960877916566
2000-08-06,-22.764912148069364,12.978597536870769,9.52772753885303,4.171397130354757
2000-08-07,-22.53881817361863,12.062340739113191,11.18556306720524,3.709706542188804
2000-08-08,-22.012044821555918,12.83242720842073,10.297983102941746,3.6148849457968386
2000-08-09,-23.898988097142848,12.237429132953782,8.980969119067339,5.090668126660341
2000-08-10,-21.326943614697644,10.409286441565191,8.70492568849164,5.8700650591240535
2000-08-11,-20.542186733922808,10.492727906448618,9.6249474268644,4.437825504881656
2000-08-12,-21.521893076793027,10.591393307861448,11.022804632035049,2.4899805038251603
2000-08-13,-20.889268372901522,10.27310912294113,10.21817557476174,1.8576304873101535
2000-08-14,-22.714893658168425,10.387650982762795,9.147961095839314,1.688826307163608
2000-08-15,-24.61687339347753,10.371302813251956,9.782947864262697,1.824174536290649
2000-08-16,-25.217174932135492,9.640807651671903,10.073172284567857,1.1242149156304655
2000-08-17,-24.56922848259444,9.983026244015148,11.471004808855042,0.18853195443779147
2000-08-18,-25.45745336428035,11.811211528881595,11.877425743413136,1.249651702965933
2000-08-19,-26.395107550219308,10.925806221871676,12.965108472857771,0.9616015283033952
2000-08-20,-25.712519036431587,13.018378480341134,12.981316709425993,1.0660393608564576
2000-08-21,-25.733302384638456,12.597615752550968,13.6551848013322,0.15442610058384265
2000-08-22,-25.315648894286692,10.537887303051262,13.808681406064512,0.03362490195334472
2000-08-23,-25.98431389670247,10.145268565462857,13.104087661471679,-0.0049602623750783364
2000-08-24,-26.503337521611332,11.74950776612924,13.97534873265511,0.357857644439882
2000-08-25,-26.849092180082373,13.350504519283264,13.474507125824886,-0.9521903831908216
2000-08-26,-26.591741032971644,12.878778561165014,13.677632048922868,-0.18863110472974998
2000-08-27,-27.029205888953204,12.584223211560873,12.81387121306512,-1.1068706963500925
2000-08-28,-25.67328984015031,13.903003172288415,12.555673202008167,-0.6822394399733465
2000-08-29,-25.44680923281414,14.394143186913311,12.84910155795793,0.8133342909992665
2000-08-30,-25.588620842859378,14.094839643304816,12.977546953187971,0.7827676057173483
2000-08-31,-26.54614709323191,12.760388467115535,13.318394107668176,0.5574274471848273
2000-09-01,-26.743122751694678,13.607990686718699,12.80990413300446,-0.6222769644047432
2000-09-02,-27.80648475119548,12.594293969930632,12.91440799710785,-1.0322770229119302
2000-09-03,-27.084348902454995,13.110132727865107,13.291300526133112,-0.9405403193659032
2000-09-04,-25.767877082324564,14.831153020400704,13.379535552991292,-0.33019096713719664
2000-09-05,-26.333432465683337,15.31558499606102,14.366849706892749,0.02155940744085194
2000-09-06,-25.92872202282386,14.41423413778441,16.01375443327535,-1.7321044537974961
2000-09-07,-26.622913893864187,13.104980354710007,15.842239087471208,-3.2547994219410095
2000-09-08,-26.687820877736367,12.678076115900296,15.320121240093084,-3.2393047746179215
2000-09-09,-25.644591744999474,12.79628302945815,14.83883332836239,-2.2140860069645125
2000-09-10,-25.540742039792715,12.196601975692237,13.848033692674889,-1.8484197112586276
2000-09-11,-25.792843637263736,12.426252392977265,15.487911999469445,-0.4549587497378986
2000-09-12,-26.10503163871382,11.033551035575952,15.649301998263516,0.8203640746637204
2000-09-13,-26.114989519558154,12.115169648138458,15.748569842087464,-0.5335931303599541
2000-09-14,-25.63422969888976,12.545155397542894,17.87155598622542,-0.6872791255812347
2000-09-15,-25.344946153009165,12.48448925203116,16.803223964667694,-0.29789373829072335
2000-09-16,-25.959889853400277,12.178370086221438,16.68744886196856,-2.280491101406558
2000-09-17,-24.602791473296115,11.377018255644272,15.722987818180396,-1.3149638043293272
2000-09-18,-24.084910811448967,10.967878736259635,17.434376719367926,-3.245683510002602
2000-09-19,-23.40453114670037,10.247507302274034,19.89691293896262,-2.9113335154521036
2000-09-20,-23.04051950722027,10.402628076090993,20.544577232527057,-2.642314516574085
2000-09-21,-22.48115168459747,9.53260647658801,22.12013369451385,-3.008774864324833
2000-09-22,-21.55001969995723,9.191294705398182,23.76271389931022,-2.493514458596273
2000-09-23,-21.211333967000055,8.465835937337218,23.01139444156069,-4.095833633728698
2000-09-24,-21.304001789016652,7.750125205871046,21.982865559479244,-4.177637774091356
2000-09-25,-21.76598065998193,6.951889473231477,22.639018777031,-3.285761628986256
2000-09-26,-23.582840595137906,6.36467447202024,21.812422169628007,-1.79845700915299
2000-09-27,-25.320294833615492,5.917819560161631,22.097144581716055,-2.911001137854542
2000-09-28,-26.1492771681081,5.791317281611362,20.618617183500373,-2.6517562968894834
2000-09-29,-25.863019396034424,5.1224522437277455,19.694278998478055,-2.8029187827484576
2000-09-30,-25.94179929452868,5.2051524283834505,17.912893328455183,-2.6348483507405676
2000-10-01,-27.73093423673547,4.683795846249277,18.258143965393526,-3.3936868956243464
2000-10-02,-28.167686636227504,4.561269611143399,17.08109361928586,-2.9142909997336472
2000-10-03,-28.140119163523586,5.2206254104035335,18.08581808530029,-3.2649362352389
2000-10-04,-28.062288268309718,7.030213229723049,16.693909227468552,-2.9204412255972176
2000-10-05,-27.293264975581,6.979728608196582,14.797693556497366,-3.0043930117528403
2000-10-06,-27.761736271821686,8.69918927452007,14.481514589757325,-5.2035097726206985
2000-10-07,-28.334644097206944,8.87822517812798,14.530261077896066,-2.8200121033470116
2000-10-08,-28.261960254335513,6.8546554150480015,12.842255777303537,-1.049260862003808
2000-10-09,-26.05080764098453,6.898595432863391,12.43928359786424,-2.1347351097245078
2000-10-10,-26.549609102282172,5.998335082621489,13.076873035321345,-1.4703311802245513
2000-10-11,-27.93163711787903,6.013546483472068,14.731467394486526,-3.4639485970494563
2000-10-12,-30.22652071327565,6.937664676986328,15.625174913934964,-4.603512892471543
2000-10-13,-31.36028738386235,7.28113936503085,15.137804797667204,-3.840112632420403
2000-10-14,-30.484401669593574,7.32774388688443,16.277219577709346,-3.2993104061501537
2000-10-15,-30.87761408433927,7.077667004520955,16.83036703477388,-2.9387738332198925
2000-10-16,-31.218189594606542,6.086019394873647,16.052410213183165,-1.788576832556535
2000-10-17,-31.67920535593322,4.365191395844951,15.997186765821107,-1.8869444257412762
2000-10-18,-30.962171013928096,4.3188009268345455,17.002972943911548,-2.3277199419881516
2000-10-19,-33.72550315727379,5.937013020789625,16.827895145528426,-3.0080998750533694
2000-10-20,-32.98416434081124,6.532585876355797,16.303603627534823,-2.8573251016262304
2000-10-21,-32.882480391768176,6.767333607545219,16.048033403549542,-3.5758164982527516
2000-10-22,-32.11865376701724,6.454002042081472,15.883337524798343,-3.3316510459287296
2000-10-23,-34.702238810470526,4.110673749868141,17.87174905306713,-3.133726436647785
2000-10-24,-34.93914811201594,3.3752638725085027,18.371406922082844,-4.272670018818553
2000-10-25,-33.51142475333054,3.158284274559447,16.981638286709433,-5.399424408071033
2000-10-26,-33.4287773265754,5.0380652375573485,18.510104127368287,-5.766047411196893
2000-10-27,-34.85167732165227,4.488373440443959,17.57762973459393,-6.341188557827744
2000-10-28,-34.548278571644914,2.959211762520737,17.4943187642778,-7.145812511334427
2000-10-29,-34.61652487175167,2.2765598483424054,18.336838166749384,-6.05614839213578
2000-10-30,-33.58978337229578,1.302037959519509,19.13885478277612,-5.11159120097177
2000-10-31,-32.58635954522365,1.052987286373564,19.003197942110628,-4.082758015592328
2000-11-01,-32.55891665588948,-0.26253273641598973,18.749698621774435,-2.71353941743272
2000-11-02,-34.47091209527599,-0.3983602698415677,18.39819033051348,-4.172603229440449
2000-11-03,-36.07800480225597,1.6977356614653059,17.5438400741932,-2.0226367998641552
2000-11-04,-34.53479803047719,0.933925737948651,17.772398697913985,-2.7783325231813936
2000-11-05,-36.804814026327726,0.021923892069244832,17.414710191788277,-1.574479754311553
2000-11-06,-37.24032341483831,-1.4109901210399642,18.200610643519155,-2.4901459897804505
2000-11-07,-38.25514210375734,-1.5844997899395268,18.43735186471071,-2.651332847536915
2000-11-08,-38.442441408031605,-1.4120775999635087,19.83847383726074,-1.9055186590614919
2000-11-09,-41.10156198446422,0.4657389841963977,20.503209348378213,-1.630733098342129
2000-11-10,-39.58142196812951,0.3121703912572097,18.985939240340713,-0.8066867047956661
2000-11-11,-40.36404040449306,2.272007829221899,20.805292051393273,0.06086013395434087
2000-11-12,-39.782054764460135,2.055350442189476,20.14240382684461,0.6654850199056974
2000-11-13,-39.12402071591566,1.0233660288427666,20.25623379577862,0.5950876103628272
2000-11-14,-38.835768883592216,0.4120798209927925,21.027320631979393,0.6926689150180458
2000-11-15,-39.66859261747866,1.1694653732244729,20.531319558291518,1.3987619920192218
2000-11-16,-39.727905075792286,2.283701346191962,20.90384325493927,2.61880147501668
2000-11-17,-39.58366772578159,0.4061804793775694,21.942082301134676,2.8061238117487433
2000-11-18,-40.24767361722024,-1.294138448917481,20.00230335496962,3.007895791951303
2000-11-19,-39.96517777265468,-1.8381966892188106,18.081924753180974,3.5050780244709383
2000-11-20,-39.94357747040354,-1.2114237515693698,16.290710553518586,4.281582536226272
2000-11-21,-39.63159450431892,-2.140708627438544,16.70879570747417,4.442202120620244
2000-11-22,-40.47387880615903,-1.2917746333570093,16.237272173559,4.818211014169497
2000-11-23,-41.065787905596316,-1.6010712115222803,15.783578970127369,5.689012234079205
2000-11-24,-40.918294614815565,-2.5411706622221555,13.52910660772498,5.380921726048254
2000-11-25,-39.68348925575183,-3.661131293271902,13.285844805463217,5.576587151276929
2000-11-26,-40.313683124124104,-3.851046584011572,13.817696560221364,4.885263982392885
2000-11-27,-42.25268161900858,-6.048272520321269,12.863084533415561,6.134457794027165
2000-11-28,-42.65052782351116,-5.228032309457602,12.577381801628244,5.938087434860277
2000-11-29,-42.81313029403212,-5.639849630987746,11.394160522805354,5.665874347091001
2000-11-30,-45.1134146677829,-4.986107274649369,12.104538697719734,5.542692258406663
2000-12-01,-43.834667000452,-3.824281758004648,12.709998940449303,5.673686284194889
2000-12-02,-42.802054150108866,-3.2806656595639607,11.995709963580955,4.268243468158541
2000-12-03,-43.72469088915743,-2.2366885282484597,12.358893946025976,3.3225548843743944
2000-12-04,-43.84752115032121,-3.509731764319506,11.698624027410357,2.561628203568791
2000-12-05,-44.37723545767712,-3.5261757831435068,12.77081516115678,1.5240724691490062
2000-12-06,-44.78384920216139,-2.207964486683474,12.237986423634673,2.098696812368647
2000-12-07,-45.152076258852105,-2.926141370137152,11.664437746868026,2.1058545872827916
2000-12-08,-44.79421956008802,-3.484405564556055,10.94460147330239,2.352713228311541
2000-12-09,-44.37577855560279,-3.9635864808150982,10.93996308779775,2.615275101224248
2000-12-10,-44.347020895829466,-5.684650295389682,11.931099056757533,2.8803381890195423
2000-12-11,-44.34238097978253,-5.338778971855081,11.727426551825896,3.5817736490120504
2000-12-12,-43.87692934312468,-4.112780960089861,11.324534229569757,6.169147217209224
2000-12-13,-43.37537737440123,-4.139234724047178,12.65528570957144,5.213304108079085
2000-12-14,-41.662491296770284,-3.4218736924786346,12.242216694003165,5.116186839487961
2000-12-15,-41.62932596083401,-2.5024124694112446,12.178155738003419,5.60757182882456
2000-12-16,-41.65518536461964,-2.588518958382436,13.359282301752039,5.782584204453342
2000-12-17,-41.37652533609905,-1.9703546093119795,11.351367040229066,5.469055285297979
2000-12-18,-39.04157157755762,-3.3372121529730254,12.152791471091145,4.6986084735012525
2000-12-19,-39.19275583073562,-5.871217131821273,11.841231228147487,5.362142156937637
2000-12-20,-38.922450083350064,-4.25133327755265,12.51092551087632,6.097990766085392
2000-12-21,-38.05287168391134,-2.933630918461996,12.922883061361151,4.364661291606908
2000-12-22,-37.40191118761977,-2.820961840892825,13.72937582743326,4.867853342986401
2000-12-23,-37.35585065347393,-2.0937531595504564,14.822057158872049,4.933471624827967
2000-12-24,-37.67061080549614,-1.2785697316118574,13.206042434107507,5.72283744713567
2000-12-25,-37.39498495888911,-1.9093295676843884,14.126225187775942,5.045889975967441
2000-12-26,-37.84680677545225,-1.281038306429204,14.813954729707321,6.854182951473644
2000-12-27,-36.52872961376742,-2.7328749908590018,15.519267870436392,5.001719933734723
2000-12-28,-36.71720328769998,-4.340359194723594,17.3789843048153,4.258039256250059
2000-12-29,-37.91125324853759,-5.396150339546193,17.16886899866393,5.391116904510071
2000-12-30,-38.227136278276426,-5.822512458992066,18.374791500976652,6.056030604423108
2000-12-31,-38.549370712163096,-5.639626443894614,17.99618177532733,6.1220267305838965
2001-01-01,-38.88278745201855,-6.07858853378761,17.93921033166298,6.161109419855885
2001-01-02,-41.16917338314056,-5.080483113771939,18.672334876503314,6.65174205231921
2001-01-03,-40.38797581352293,-7.241193511843363,18.788246343972364,5.281859707673861
2001-01-04,-39.57299183590143,-6.504559247431821,18.40630796906712,5.96965681005079
2001-01-05,-39.652134730523315,-7.156047935534706,18.25534484415137,6.1147056308764975
2001-01-06,-40.39325484706147,-6.197552828896628,19.021178840674615,5.288616770970927
2001-01-07,-40.86556487685866,-6.938554193729564,17.000546395671105,6.885706756783472
2001-01-08,-39.74702888905057,-6.433336232980891,16.2595930936825,6.290096370978207
2001-01-09,-38.32911749255063,-5.894870689329645,16.683085602972692,6.432421546207287
2001-01-10,-37.780951358674876,-7.368589338487957,16.79081554717702,4.672016548134783
2001-01-11,-37.809259696371555,-8.47766951567462,16.019209460810146,3.8827026260286153
2001-01-12,-36.716424629043736,-7.635149214090255,15.69156866107346,4.258866165070502
2001-01-13,-36.833327935292786,-8.996569721896993,16.313543374516357,3.926433868333396
2001-01-14,-36.648027430651,-8.698299087712904,15.2605024720814,4.068646720320985
2001-01-15,-37.848988078261556,-9.156832458121876,17.248266292677503,3.281777331801283
2001-01-16,-36.61974973813693,-11.136026604136498,17.36487462335466,3.6420716964601123
2001-01-17,-36.502198460509724,-13.049358026067596,17.97409614975421,3.3687447465544365
2001-01-18,-36.80547716150512,-16.468327629442683,18.534971670434935,4.274821361515723
2001-01-19,-36.28660355756122,-17.906713859483776,18.219565007305125,4.411719791290595
2001-01-20,-37.833601565601526,-17.874274518251077,18.229054568824107,5.823318592639836
2001-01-21,-36.96775869798389,-17.21263687207462,19.45369702223515,6.621975550800852
2001-01-22,-35.816088262709414,-17.618534286900235,19.01520279242184,7.3078896780383475
2001-01-23,-35.42918832763143,-16.970595616624088,18.53652351397483,6.173544839229543
2001-01-24,-36.686024395256375,-17.40544712899641,19.16424196647367,6.275778453977177
2001-01-25,-36.40568497145104,-16.722461718985716,18.999830965776777,6.432297398333814
2001-01-26,-35.92273266014503,-18.46163252866228,19.19565724717601,6.100375163699836
2001-01-27,-35.177672247901704,-18.947262190175532,19.183443502662616,5.196248273224782
2001-01-28,-35.0987332308746,-17.710331690115606,20.149622826696085,4.296836328933604
2001-01-29,-34.10840710508537,-18.54882014118525,20.246661294752986,3.7373275884204524
2001-01-30,-35.01475310414139,-17.646040733381973,21.00106970830415,2.8613354653378447
2001-01-31,-34.34367341564555,-16.974467584754866,20.101542837251667,1.9128412085952995
2001-02-01,-35.19752484100788,-17.23847771138586,20.448180232761334,2.7016142942395325
2001-02-02,-34.37245360529355,-17.788779830981728,20.775956336746138,3.397307673292762
2001-02-03,-36.24321169743885,-19.24574991926546,22.304581573639933,2.5963304717814593
2001-02-04,-36.66894840241512,-18.804596460004948,21.354302699572166,1.0186083889046225
2001-02-05,-38.46552928823843,-19.401839180503483,21.035347845136062,2.7659076899526553
2001-02-06,-37.49077653374065,-18.95839357844114,19.584045899297887,2.0913705266675136
2001-02-07,-37.004165837618984,-19.261565647683156,19.121994818551514,1.440903965672419
2001-02-08,-38.14789824023674,-19.02307976451939,18.353069727653786,2.4863228883033925
2001-02-09,-37.81631252178079,-19.420518236649805,18.168050089352462,3.826599663966274
2001-02-10,-36.76103990356779,-19.645408507292977,16.689222798943582,2.898969859744587
2001-02-11,-36.14699563014572,-18.666324388841435,16.55802738285867,3.627648692432034
2001-02-12,-36.71546450866916,-19.69086388455605,15.191403661529607,4.80668010766455
2001-02-13,-35.16863414836151,-19.14274543407382,14.782678229304379,4.405331585427562
2001-02-14,-33.468856581259196,-18.315690200665237,14.68353985170279,3.5551380652864397
2001-02-15,-34.57880053533424,-17.533573512124434,14.835257366524694,3.878914274804233
2001-02-16,-33.72161546923563,-15.886729695497962,13.864866453460408,4.1495367338084
2001-02-17,-34.21438151728439,-15.897778430713323,13.702111978340035,5.48673795803729
2001-02-18,-33.954539458033175,-15.074406576313134,13.067188243000675,5.994982392286287
2001-02-19,-35.29269673529292,-13.791194442118677,12.501375609250422,5.283037868632672
2001-02-20,-36.76290961407393,-12.761976838290979,13.387922967497264,4.680498854314146
2001-02-21,-36.23260611598355,-11.737779376111124,13.124836508080687,5.30679165925919
2001-02-22,-36.869486685698554,-11.032406630064813,14.642553518636182,5.2949139105153185
2001-02-23,-35.91555004014546,-12.039493391218624,16.709633443823247,5.153629926520567
2001-02-24,-36.88334175590438,-12.868589179343498,17.431022490924757,5.900512249395192
2001-02-25,-37.18986828350706,-12.596653187821515,18.128919256062353,3.7035530054174073
2001-02-26,-36.34179534271964,-14.881815779771115,18.13091444698732,1.5313744881876081
2001-02-27,-36.18498452692409,-15.102515909507616,17.55820282697808,2.013349654329401
2001-02-28,-34.59380482754896,-13.050410847493943,17.327661742952046,1.868067045242599
2001-03-01,-35.2193211466456,-14.24517700402614,16.98344451145859,1.6490119145415831
2001-03-02,-34.11324763342329,-15.242733053763986,16.35320429978444,1.3139776812162358
2001-03-03,-35.03717754883586,-16.96845143513907,16.128371237862645,2.89197956589274
2001-03-04,-34.87212408038286,-15.62399801136106,16.60562487141401,2.8144556977088735
2001-03-05,-34.259299447573326,-16.18203505341834,15.983748125231854,4.708964969086859
2001-03-06,-34.469523689181145,-18.786232133561295,15.584830590603866,5.0410299403384915
2001-03-07,-35.23711771471257,-19.215068727802894,17.63617655276863,6.323101858975944
2001-03-08,-35.58013812317807,-18.770471009676815,21.2245689022419,5.412775408439955
2001-03-09,-36.12203398723432,-19.32779478511452,21.786410157523346,4.3311204427902235
2001-03-10,-36.691218344636354,-19.303810572026478,21.033596998898716,4.520283767050344
2001-03-11,-37.01447603515264,-20.307429742717186,20.94637111633161,4.607760088250107
2001-03-12,-35.99221868245297,-19.78484678089082,21.251854043529512,4.855529854557101
2001-03-13,-35.627177437228816,-18.860969236392954,22.02289275429395,5.8320776385635735
2001-03-14,-35.60577893005358,-17.88112362211792,21.924612441209362,6.324468020864265
2001-03-15,-33.54345386844056,-17.254970050728545,22.410517303454544,6.486183493569835
2001-03-16,-34.0851351345211,-17.036578012580808,21.53332736074617,5.557660454119015
2001-03-17,-34.91324352264496,-16.234270923223555,20.92278156247273,5.739042116923411
2001-03-18,-34.08054338351019,-17.30977746817869,21.00843032299696,5.205310176828399
2001-03-19,-34.19248096847328,-18.084246187751035,21.615020984517574,5.5497617810301705
2001-03-20,-34.6647190284191,-18.360190002618424,23.08462426948286,6.1194286186742355
2001-03-21,-35.42593263683066,-15.792838608141643,24.056974747781336,4.193109105631293
2001-03-22,-35.28884935157096,-17.88918626157551,21.5468590315687,4.200665958594296
2001-03-23,-36.05995150679948,-18.196314183748807,21.11225804777024,5.577121189579859
2001-03-24,-36.17763511263206,-18.672508384674508,21.918845259421172,6.086305630431988
2001-03-25,-35.54833261059745,-18.27065670173591,20.678160695009154,7.433212229831888
2001-03-26,-36.138610000713356,-19.513583563682868,21.891221576688398,5.997680852796396
2001-03-27,-36.50878139098933,-19.59498836859571,21.645951137385907,6.5928246750102515
2001-03-28,-36.191549333402236,-19.68105743771155,21.832697953192458,6.418746393554879
2001-03-29,-35.90954744987778,-20.72991653953784,21.946945433695692,5.339207031337951
2001-03-30,-36.41159548437238,-19.99907827820845,23.0513653718699,5.487106604303427
2001-03-31,-35.031101680896434,-20.820632619907446,22.079990721444847,4.656697018039158
2001-04-01,-35.17474660651431,-19.127409262245184,21.929462706293794,3.341105774797633
2001-04-02,-36.63561275418325,-19.472976018607245,23.87917235403852,4.283454982015108
2001-04-03,-36.98144118391435,-20.03749809652884,24.114594443927956,3.2521967403728875
2001-04-04,-36.19090767078669,-20.846290329622203,24.189126110593083,2.498649235563329
2001-04-05,-36.763618734689985,-22.400256346567673,23.894626083192964,1.5506143099119383
2001-04-06,-37.23193724388223,-21.663582007688976,24.256860945793857,2.4440483286184347
2001-04-07,-35.479047117179405,-22.595278735549325,25.992103127396675,0.8102326190587774
2001-04-08,-36.672792653740515,-23.30974142130978,27.56392147576117,1.4305520183487621
2001-04-09,-37.64902885233973,-22.712680584078136,26.254102472793694,1.5165725463196615
2001-04-10,-36.43426628528441,-23.010262495933205,27.589632785681214,0.44249558591865545
2001-04-11,-36.15443797380623,-23.013426163730657,26.16493195271766,1.2873131155411537
2001-04-12,-35.14292175357918,-22.743633330351525,24.44576780255707,-0.3990887890879322
2001-04-13,-35.098805665625754,-21.69784456262549,25.56565591275017,1.2920945265159909
2001-04-14,-35.6475811147739,-20.425245389238647,25.674106014732413,1.3985928319407708
2001-04-15,-35.56649644604791,-19.90907132539978,26.36334272727011,1.7332485244682299
2001-04-16,-36.750829156556286,-21.04987073838497,25.638022232884936,2.608639281136637
2001-04-17,-36.96690485423267,-20.65906962488866,23.588258040857603,1.6225529460208263
2001-04-18,-37.90279229722731,-20.70782644304038,24.86057286569077,2.213459789116873
2001-04-19,-39.100274624464404,-18.957600143263864,24.348532210433138,3.01680119692873
2001-04-20,-39.84687107380983,-19.84470879476163,24.46348356267588,2.1741430763672804
2001-04-21,-39.64637734042062,-20.98339888461625,25.676796792237226,2.4632844640039213
2001-04-22,-40.860805213552624,-21.16324728893438,26.903429820611287,1.6366307618855074
2001-04-23,-41.72884882233228,-22.693825787824764,26.973176010099216,1.6959456376366988
2001-04-24,-40.6111891449579,-21.020007679206834,27.902770526069588,1.3954062921144075
2001-04-25,-39.101823802840926,-19.17071076139308,29.88029461926581,2.3918741477207632
2001-04-26,-40.202666573286045,-18.12501932278643,30.074325709381277,2.098112752531994
2001-04-27,-40.03473093274206,-18.362917039265213,29.811643293638873,1.7989961922925355
2001-04-28,-39.697464977406426,-17.21062403524217,29.153970003420664,1.1405217877562142
2001-04-29,-40.19980265303287,-17.742238587865604,29.896041467022307,0.04912432869127392
2001-04-30,-40.422362561832365,-18.208366439041693,29.876745331487957,-0.7510693683266211
2001-05-01,-40.97835153016073,-19.66850985334259,30.536801044768865,-1.1663035843457188
2001-05-02,-40.649153762985335,-18.712150364205,29.956065844843792,0.03917175423394825
2001-05-03,-38.10726371775477,-18.707952541249746,30.061552646757374,1.9990967102111228
2001-05-04,-37.21198309182918,-18.373773204270687,28.505502065873706,3.0776539467343644
2001-05-05,-36.317165494434384,-16.88779995685734,30.2627346084902,3.4724356658040407
2001-05-06,-37.931347998703934,-17.824505547500646,30.950384005599812,2.6899510221858525
2001-05-07,-37.696438421814086,-19.68914337510175,31.243144194005726,1.534534148300763
2001-05-08,-37.04499661631604,-20.309247288564602,31.72412673748466,0.9078846492675693
2001-05-09,-37.29422127399639,-20.555477966132436,32.87240883514021,1.4524711250712725
2001-05-10,-37.33386505483374,-20.159445511667467,31.97893480235934,1.1697442127582112
2001-05-11,-37.630927340072304,-19.575945552548433,33.287908334780035,3.7006139953720085
2001-05-12,-36.09216758434682,-21.900713098841454,34.01750175565306,3.5547946724009405
2001-05-13,-36.41953777987411,-19.47372507166021,33.368669518772336,5.845556341895671
2001-05-14,-36.02349879493209,-19.34490414650791,34.97923082328885,5.506733955656584
2001-05-15,-36.194514844562704,-18.764021896115125,34.59336635000603,5.925722156421214
2001-05-16,-35.409088291246945,-18.381732652876835,33.83686362581554,5.426938805265408
2001-05-17,-34.45007907233427,-17.451581296626173,32.65967176013579,6.310096003387093
2001-05-18,-34.56282556871073,-17.729044879660627,31.894793326620597,6.448649150131265
2001-05-19,-35.14066975046836,-16.541769813772593,31.476086155052833,5.600638780137023
2001-05-20,-33.39897957725865,-15.460393138732373,31.805365302057332,5.7749567836327715
2001-05-21,-35.323835190288335,-15.187950450255139,32.081036326657795,5.707160368905033
2001-05-22,-34.26743108701806,-13.811883126813578,31.47971034647309,5.056339863092523
2001-05-23,-34.92456018124953,-12.787104102724973,31.28668725856049,4.337085492931718
2001-05-24,-34.26160040901913,-11.75280019245322,32.441711965163,5.11441874176483
2001-05-25,-35.164202651667175,-12.304089876672009,34.48900947761193,5.080480520964913
2001-05-26,-33.54443296605824,-12.67983070099472,33.45700842908268,4.573588485640723
2001-05-27,-32.5587197443938,-12.427916413234778,34.103791739828566,3.540324861864078
2001-05-28,-31.286259993243323,-13.742727836554296,34.24493408886511,2.8905248507622368
2001-05-29,-30.718850432972673,-14.058574877593397,33.81992045049332,2.8745854575988066
2001-05-30,-29.59234599022949,-15.692249363756543,34.78691903848774,3.4017220413629685
2001-05-31,-29.901500848688038,-16.356506685151096,35.19903076039861,2.8197623456877228
2001-06-01,-30.050351845091104,-17.12763026750475,36.32493656175102,2.486825268389133
2001-06-02,-28.029137940765338,-17.454850724201318,37.1715231266169,2.291284168825211
2001-06-03,-26.605290020187343,-18.416933065562453,37.11320155364847,3.9771913372897068
2001-06-04,-25.652639152529087,-19.12955244662514,36.183601494317365,2.4014226083157517
2001-06-05,-24.714954639395284,-19.9206770981964,37.94603513767206,1.5593410578994038
2001-06-06,-23.193608640216105,-21.5376609704191,36.9821044530437,0.025895210599458984
2001-06-07,-23.004035284762764,-21.701934513330993,37.43714188518232,-0.08147991298333229
2001-06-08,-23.236352496921274,-21.79488631636576,36.23365985845823,-0.33193664565485315
2001-06-09,-20.749728241372893,-22.275016842946858,36.02354029085533,1.3858977668896901
2001-06-10,-21.682858781682985,-21.48915820877688,36.962746534018756,-0.7567754803589699
2001-06-11,-21.25778541178283,-21.356889879430824,35.40019605646821,-0.7281637687300031
2001-06-12,-23.046319731298986,-21.055980292816386,35.49855696177805,0.36961805269509984
2001-06-13,-22.768695518513923,-23.146174283660738,35.674022680909715,0.5612479939309541
2001-06-14,-22.90134415706629,-22.993382813256268,36.06928154798059,0.501407712298765
2001-06-15,-23.79712542642379,-23.701775329394362,35.075185528856565,0.050461753582068
2001-06-16,-22.84125478680079,-21.992568552863546,35.73118646832913,1.3086777285243185
2001-06-17,-22.340869479191742,-23.36577098702289,34.82436895865007,1.336595639058937
2001-06-18,-21.900483560562755,-24.406857749545914,35.087139501889475,0.9934395590488421
2001-06-19,-21.107193873249585,-23.26423900656067,34.91164154085618,-0.3657396951778278
2001-06-20,-20.167263915421465,-24.28455549243417,36.13937495387067,-1.4293267513927683
2001-06-21,-20.475528403160293,-23.989058963337236,35.70487290471588,-0.881025414171927
2001-06-22,-18.862149927900553,-25.044860628199835,35.10187656215689,-2.197078478008537
2001-06-23,-18.09434412908825,-27.433901109256198,37.23221468629702,-2.792298253191168
2001-06-24,-17.53252362721286,-26.049789526340227,35.54847060847999,-2.9659932065332435
2001-06-25,-17.905539744493026,-24.361151885301794,36.31092086604513,-3.224661271494614
2001-06-26,-18.503327559669202,-23.73053115146571,37.40273937391035,-1.9892707851040834
2001-06-27,-18.50177891901789,-22.59949228768872,37.48481202555337,-3.2273300508108407
2001-06-28,-18.34651645995846,-23.739064818054764,38.402986731071266,-2.829335505375039
2001-06-29,-18.054879300437946,-23.83723829428751,38.33004227805691,-2.8985991659657078
2001-06-30,-17.3079555440496,-24.293336287121203,39.508725863697435,-3.127747588709108
2001-07-01,-16.990785480130867,-25.441397805842907,40.827939571157145,-2.830199077207258
2001-07-02,-18.03122564488255,-25.975511729630107,40.58440471150983,-0.6040414189134804
2001-07-03,-18.942512172867538,-25.993852824996466,41.187427046390304,-0.2696678135143649
2001-07-04,-19.624786889902303,-26.6138152532676,40.782087007359124,0.3923837325354039
2001-07-05,-19.81966534150092,-27.816631035210328,39.79971806458327,2.844790479177388
2001-07-06,-19.358937012924613,-28.770876515919994,39.75812079999989,1.4333864764329383
2001-07-07,-18.912280585517298,-30.231291045584086,38.739866238216344,-0.10865178739064651
2001-07-08,-18.52745920288229,-28.828351437880773,38.20011574626533,-0.7534102324491657
2001-07-09,-18.81184244153576,-29.056869277110216,39.56440933426192,-1.6544621876383103
2001-07-10,-17.922479403509648,-30.061990910213204,40.79286117160858,-0.3278075541128249
2001-07-11,-18.20847264582894,-30.951778151117818,42.38260236750128,-1.4125785126697337
2001-07-12,-16.581142768478504,-30.952002081338893,43.390206257737375,-3.1646679179135653
2001-07-13,-16.51098128376787,-30.290697252606297,42.343912851146804,-2.3870301888127994
2001-07-14,-17.087113121198733,-29.145645681558932,42.872849296154875,-2.9510948893099855
2001-07-15,-18.44621544442223,-30.412221522851432,42.10192086288966,-2.3430754911715446
2001-07-16,-18.832464174302448,-30.469975498179203,43.12456344267522,-2.3486203751720596
2001-07-17,-18.778442462551396,-29.208319575955592,41.281709964178035,-1.7350613709317373
2001-07-18,-19.4763472235211,-28.316773828228463,40.42855287573076,-1.048753554254562
2001-07-19,-18.92283546590222,-28.809899990719668,39.88442818044368,-2.9077346427671658
2001-07-20,-19.755454882829007,-29.259821747188518,37.37797653842231,-2.5137293512797445
2001-07-21,-20.06843669508803,-27.04983896053819,36.399589815370746,-1.9238892240757814
2001-07-22,-19.57909912490318,-27.67612212244961,37.063093166999636,-1.548704148588458
2001-07-23,-18.662907493412618,-27.143435582117576,38.42214415079897,-2.2122824562966974
2001-07-24,-16.54606931531517,-26.870161494109414,38.62427190163306,-0.3088323508640174
2001-07-25,-16.92228189146721,-26.67570726352608,37.91265338334585,0.610251020143592
2001-07-26,-15.286687842891531,-25.584081719727426,36.47555213040669,0.2522784984497334
2001-07-27,-14.315853260933238,-26.02638382989968,36.455403900042825,0.5157340418261953
2001-07-28,-13.100535582482348,-27.125646558337987,35.782071808229645,-0.1374551114788113
2001-07-29,-12.589951521633564,-26.266978397434695,35.19080434442453,1.1296647369784485
2001-07-30,-12.494277495903246,-25.712363266045273,35.173379827728276,0.43007722644433677
2001-07-31,-11.589894610623384,-26.501997525894115,36.75746978953726,0.822026563426683
2001-08-01,-10.612659271741359,-26.757861645266583,36.87510881715178,1.117175746857517
2001-08-02,-9.667157569708818,-25.018984509597217,36.56358403919999,1.069022110000029
2001-08-03,-10.015631124126493,-26.084091731887792,37.97714951904331,1.241791054165736
2001-08-04,-9.627787566115154,-27.570994741958682,39.14396309884732,0.5098409942481221
2001-08-05,-10.87791613469378,-29.040428099364245,39.26945778673335,0.9638497002261917
2001-08-06,-12.28174838319929,-28.752879441103016,37.67053718126098,-0.3620416719525139
2001-08-07,-11.82573267125867,-28.969462464243957,38.31291938367773,0.20065683917849775
2001-08-08,-11.807016782763805,-28.299426755326635,38.23036642166507,0.19458977912596678
2001-08-09,-12.978628257979397,-30.523851020060192,38.266527467799065,1.3480186687599058
2001-08-10,-11.505017923298354,-29.423003778312737,36.836515028498,1.5861183264478822
2001-08-11,-11.447080740709737,-28.062780487338802,37.22178499733174,2.2608860672795346
2001-08-12,-10.544555656631344,-28.10798297791931,37.374626527976616,2.9461439029598697
2001-08-13,-11.047370124206958,-28.341647979835614,37.12363913434179,0.7225704453109483
2001-08-14,-11.197426463214347,-28.167175461347302,35.83233999242753,0.7391883214110614
2001-08-15,-11.263558924575594,-28.4071086580852,36.34999824975936,1.1585527657219046
2001-08-16,-11.956203769311502,-28.617870441607696,35.7117481195863,2.7205309414894705
2001-08-17,-12.42424138263548,-28.13078591023264,35.431705311564315,0.8190969577724958
2001-08-18,-12.693781732632333,-28.47119756028601,35.20172427419745,1.4227530449079848
2001-08-19,-12.50974609807483,-26.84677461491541,34.58257394527644,1.7311322552453186
2001-08-20,-11.219092640298747,-28.105532286604415,35.06094254619906,1.2676685040969995
2001-08-21,-11.433896443232259,-27.69244668795364,35.69976662550173,-0.04642477857633853
2001-08-22,-13.846841658952815,-29.180308601367578,35.953484079412576,0.5000459373813807
2001-08-23,-12.68889389125503,-29.859525543469026,35.266210544859796,0.4588532859574517
2001-08-24,-12.988064771600758,-31.133444001657722,36.666498086103005,-0.7830047140532355
2001-08-25,-10.363979670521992,-31.243942942786276,35.581538214320794,-1.3849588846297354
2001-08-26,-11.157518351624221,-31.86928611241056,35.97282512163313,-1.8091903324558494
2001-08-27,-9.54149510273987,-31.757521720383536,36.501633346242535,-0.35010266493227316
2001-08-28,-10.997054760867265,-31.120568147515364,37.60786540811652,0.5564936937731341
2001-08-29,-10.648819364157205,-30.426412422760723,38.40753724576252,0.13680186992357712
2001-08-30,-11.414703583209096,-30.248240426378604,40.43723283339032,-1.4456898414747898
2001-08-31,-11.458499148602156,-29.194002205094733,40.893071622921894,-3.180098214548195
2001-09-01,-11.10477695461284,-28.51234844664865,42.33585312653035,-4.024787299365853
2001-09-02,-10.099441454114125,-27.16818588225673,42.00307067183826,-2.676440224851887
2001-09-03,-10.345894376853682,-25.575036003788988,42.325316323869544,-1.025603583638861
2001-09-04,-11.902078487405333,-26.215312072221412,42.62744335467698,-0.5894289632800529
2001-09-05,-13.08772137799079,-25.858237472025046,41.06051839270502,0.5864846214867538
2001-09-06,-13.178722515349198,-25.763059139723506,41.203006416276374,-0.647989899334245
2001-09-07,-13.733943956139363,-25.549327966763002,42.478337802994574,-0.32723161590055994
2001-09-08,-14.298508417764666,-25.726067095321604,42.72335131039153,-0.6708938077541613
2001-09-09,-13.9621078254864,-24.202735297348706,43.69407112322865,0.03589283874766713
2001-09-10,-14.54887040689798,-23.412995863027835,44.59812668741454,1.355872224956778
2001-09-11,-13.689770915799558,-22.516477510897385,44.54776024609404,1.3426621806720391
2001-09-12,-14.0626652069278,-21.506598916504373,44.1345651585323,1.008837534801362
2001-09-13,-12.542250223126901,-22.407547560663808,44.05204519746549,0.5725680328866558
2001-09-14,-13.388146343680859,-21.352196768185905,43.00592020739531,1.222296679460395
2001-09-15,-11.867359600845305,-20.028500489702292,42.252634710781344,-0.43936414256861145
2001-09-16,-11.867102949470445,-20.022639346564112,43.89951487726978,-1.2523891806631513
2001-09-17,-10.394100466407867,-21.3822873010652,44.04877948155323,0.8453015874489347
2001-09-18,-10.626854660589181,-20.9648495998245,44.402905287755566,0.9662056391187787
2001-09-19,-10.279237325908776,-18.873226980255435,43.29316673018674,0.8647641927920484
2001-09-20,-10.884713591505063,-20.314865459758394,44.35196542513244,1.3791365772384352
2001-09-21,-11.64982823734928,-21.144378645841005,44.30403561314699,-0.3610646464809699
2001-09-22,-12.978398145207652,-21.646120301167283,43.32965016555917,-1.737373465569542
2001-09-23,-13.271127652325735,-21.333780607713912,46.63409254066702,-2.9649780342497416
2001-09-24,-13.541194718822123,-20.516374737906766,47.430969472155695,-4.157107614597823
2001-09-25,-12.2842616644873,-20.709497327611025,45.51936281188032,-3.658398680898841
2001-09-26,-11.724054044300232,-21.436028743402957,45.25356214496857,-5.123187933184203
2001-09-27,-11.65200746504666,-20.79296674768351,45.685582173221,-6.592764339681632
2001-09-28,-12.181835659926156,-20.272170184773863,45.196805646486894,-7.856634529347244
2001-09-29,-12.648862489778868,-21.134227317341054,43.98952247584995,-7.603803953099902
2001-09-30,-11.784327470035787,-21.34617953796525,43.15618675353402,-7.2221753459714115
2001-10-01,-10.847547206932,-22.500297024825237,43.437631323612635,-6.79884860345111
2001-10-02,-9.727287260412522,-22.14603592868537,44.119513149663206,-6.24426846293877
2001-10-03,-11.602514993906816,-23.31531555732758,41.27153997590668,-4.252439158888023
2001-10-04,-10.467399280309198,-22.621679074915644,41.19406490237127,-3.7271808118973886
2001-10-05,-9.11023018308168,-23.554219381257766,39.65217719289217,-4.321617788257613
2001-10-06,-6.904101451546605,-22.772630973885327,38.58352327333356,-4.104493177334736
2001-10-07,-5.032843831374318,-22.18305823172701,38.31808205961421,-4.993558125874979
2001-10-08,-7.567347976396295,-22.79850613160175,38.02731257008808,-6.574154151534507
2001-10-09,-10.325548260857648,-21.227832871198395,39.090727080070636,-6.87091554069532
2001-10-10,-11.792737586486483,-19.47073770899494,39.725472133578954,-7.2891309377252105
2001-10-11,-10.53922790331973,-19.497463355348927,39.103196198334736,-7.057869750728374
2001-10-12,-9.718073935441765,-19.581633907569316,38.69556163147901,-8.57011264095119
2001-10-13,-10.230389344781061,-20.044905136830373,39.63559664258628,-7.620400289876408
2001-10-14,-10.186737139289043,-20.615158333177288,40.31642033753741,-9.274614912098826
2001-10-15,-9.687321194854231,-22.28007644033958,40.83564377856484,-8.505280973415084
2001-10-16,-10.69537473545345,-23.224388921906176,42.7777478276501,-7.6388206732045445
2001-10-17,-9.976630075697138,-23.40590567324648,42.120684935119776,-7.617899252690815
2001-10-18,-9.035161539107493,-21.74660240452454,43.22774803713882,-8.538555547155429
2001-10-19,-9.934465146505886,-21.75899712654789,43.17144562545724,-9.399045174521605
2001-10-20,-11.232527075716863,-22.606723527643403,41.63745095583281,-8.570181159259555
2001-10-21,-11.317226395646236,-21.572218210559473,43.757834248980025,-8.889411751570412
2001-10-22,-11.554470496935533,-20.896089511848274,44.06243458161642,-9.306971108565497
2001-10-23,-10.617573784773345,-21.322459842044694,44.14666902080979,-9.301257783127678
2001-10-24,-11.012943427591113,-22.471172190075656,43.08917188257792,-9.530335990357694
2001-10-25,-10.224153802663382,-22.955683585718244,44.370596007835715,-8.356325877591967
2001-10-26,-11.438146400659319,-23.056667786191866,46.83537234077131,-9.07913228754086
2001-10-27,-11.167600212013449,-23.3531136152185,46.69685821658953,-8.53278293064362
2001-10-28,-9.31603985339234,-22.343301871261286,47.972214073096865,-7.078178263269534
2001-10-29,-9.48345652678087,-21.115576858942543,48.21167044862709,-6.1542800336923325
2001-10-30,-10.168023684781888,-20.78531980155425,47.00109721851533,-5.505395840096483
2001-10-31,-10.933362613819558,-19.548497722337494,48.224071754920786,-4.606207808699295
2001-11-01,-10.38431869994303,-22.712462076861637,46.456684778961005,-3.533243841838501
2001-11-02,-9.721943926698797,-21.887939332343798,44.7364155368036,-2.966279872623753
2001-11-03,-8.881053283093754,-22.70686927586255,44.759309209014475,-3.061189091401272
2001-11-04,-8.674512876904844,-23.148717463004715,45.59812903222283,-2.4771228434227757
2001-11-05,-9.005674663962857,-24.209542869211816,49.02725767703791,-3.742368347567909
2001-11-06,-10.306195154164163,-22.65580209606717,48.252371300703786,-4.712246882951035
2001-11-07,-12.498217185143437,-22.973162996885232,48.98446042639273,-4.567160210705378
2001-11-08,-12.139001769680037,-22.515498750098136,48.43307985691703,-5.266693159620597
2001-11-09,-13.230956734531778,-21.986328311575356,47.27991904508788,-5.504276889028568
2001-11-10,-13.825066786270316,-22.559269120991107,44.94170752491455,-5.730499259782558
2001-11-11,-13.644680405363154,-20.36799212026417,44.518133554122315,-6.094624599188321
2001-11-12,-15.723804518457218,-20.697545489644046,43.87588158831818,-6.313531017896961
2001-11-13,-15.411428391085066,-19.448845478868947,44.34432467060557,-6.592215893326468
2001-11-14,-15.295918675511812,-18.396689394986748,44.70333301306717,-6.11252077579024
2001-11-15,-15.253068359415789,-19.02735224925416,44.540179270015734,-7.104424532114423
2001-11-16,-14.13848854841045,-18.183989522487316,45.087842710617345,-8.393975466059112
2001-11-17,-14.286059248892272,-17.888952579143176,46.29532318303541,-8.175869479967796
2001-11-18,-12.848193317536282,-17.980125203385168,47.1607151439855,-10.200003407469811
2001-11-19,-13.207259305809087,-17.96459246840542,44.306318804897245,-9.239868307066653
2001-11-20,-11.558678679227008,-17.340029619758692,44.866339190749756,-9.083189903810322
2001-11-21,-10.814003582507585,-17.464248292030042,44.18229612728665,-8.476050662562757
2001-11-22,-11.472306234921051,-16.216248417620804,44.842356327992064,-9.303776165699931
2001-11-23,-12.307338311145314,-14.819516899613738,43.50871574322122,-9.86859613983439
2001-11-24,-13.037828598667558,-15.094657593390663,43.16823762599901,-9.678942512284447
2001-11-25,-12.440948476651107,-17.105116513829252,42.35044694849593,-9.855452157370667
2001-11-26,-12.141529736402356,-16.372018897717417,42.23633697992724,-8.531835478563853
2001-11-27,-12.238236665556283,-16.095059794864138,41.26132372423323,-9.37556945458675
2001-11-28,-11.645482661691664,-17.017597979306796,41.5538351220383,-9.220224802715467
2001-11-29,-10.883464760305197,-17.597958727341847,39.816828466397595,-9.314278779488495
2001-11-30,-7.970855657685494,-19.382617830071712,39.102806277847584,-9.903532692542274
2001-12-01,-7.6815183360995505,-19.918858077424506,39.82141247785305,-9.379308210798625
2001-12-02,-8.953701332169633,-19.50450845906634,39.77582187678168,-10.165777633829432
2001-12-03,-8.775677860204492,-18.882139307916926,40.105302028567216,-12.191561967470703
2001-12-04,-9.408849210976584,-19.094425501956547,40.4332880692226,-12.999821690153954
2001-12-05,-10.078550269222358,-19.38728346715943,40.05415500657764,-10.637273599272547
2001-12-06,-9.265324596162706,-20.919586480406817,39.96434619920963,-11.965036388896294
2001-12-07,-8.249242951847602,-21.013804246677818,41.41837824247635,-12.438087898620719
2001-12-08,-8.567539280146276,-22.423085853228336,43.132128069412005,-12.557140056287645
2001-12-09,-6.55607613540753,-22.831463785661988,41.44880108855687,-12.725319283197509
2001-12-10,-8.491154350287289,-21.331740344333593,41.458489360415975,-12.417447142330344
2001-12-11,-6.899443008735757,-21.368933893360126,42.1508454022991,-12.863491278035795
2001-12-12,-7.316988402142081,-20.224260548774495,42.51136661872608,-12.857737598887514
2001-12-13,-7.33938454913317,-20.67596512899325,42.75828531272047,-12.139276910108089
2001-12-14,-8.48834894452541,-21.72808291109267,41.137537835189875,-11.700490830255193
2001-12-15,-8.43788393615085,-21.881451401313562,42.278020415706955,-12.785002397543611
2001-12-16,-8.004121767039516,-21.30104035491859,42.29574692682578,-12.873564090363452
2001-12-17,-8.26172555070641,-20.872610477769822,42.06455206894726,-14.76278313686838
2001-12-18,-8.208024346360709,-19.623108957874347,42.53377348135833,-14.201580166345673
2001-12-19,-7.735401994060181,-18.3121384947285,43.93228891602158,-14.7558978614189
2001-12-20,-8.076779172460899,-17.932914511311516,43.43404336588816,-14.901663924298203
2001-12-21,-7.881585870028824,-17.429968932040126,44.710723424250524,-14.789264782226102
2001-12-22,-9.133888478528213,-16.75737931921639,44.163102445300275,-14.790411712705938
2001-12-23,-7.914001067500192,-16.672118413300606,44.79706789367851,-14.912050421440497
2001-12-24,-5.82645779177745,-17.990283502799485,44.91016883268812,-15.476570668762212
2001-12-25,-5.15162048041282,-16.907997547045795,44.69240347680701,-15.605433410272026
2001-12-26,-5.993980431036712,-16.573248803337464,44.448269594341106,-14.831553477655774
2001-12-27,-5.917004768380411,-16.297881417445655,44.04674681331225,-16.20099548642975
2001-12-28,-7.092063945329324,-15.495401894912515,44.956923168924774,-16.88300256780909
2001-12-29,-5.904665055287644,-17.068793486826944,44.51595838000611,-18.174632997058524
2001-12-30,-4.595631135040917,-19.833806439131674,43.894665160081374,-18.730919607911265
2001-12-31,-5.591280950449545,-18.182342309676404,42.41084870874399,-18.007939993321447
2002-01-01,-6.08634717443357,-18.304860117446733,42.041150274714475,-18.24492039814861
2002-01-02,-6.936450910608835,-19.32042426365062,41.326281062564696,-18.255223613735662
2002-01-03,-6.881724949993807,-18.274330621680036,40.89768783249086,-17.1651392067175
2002-01-04,-6.16852841124362,-18.411969336435185,42.558045273906565,-15.593990022007409
2002-01-05,-6.096403063402185,-17.07783645539391,43.58295198729922,-14.371890200301534
2002-01-06,-5.449885884279007,-18.324531573494603,42.404331390018804,-13.282849431341742
2002-01-07,-5.786649362506312,-19.8588570137718,43.111771446587085,-14.530296394896789
2002-01-08,-5.257468030812923,-17.46015863628694,44.326107632162476,-13.833738914632411
2002-01-09,-3.9668955309490546,-15.940013554363281,44.80618427828063,-14.059307456952466
2002-01-10,-3.805157447360213,-16.57917061176773,45.47633986613179,-15.262074163534942
2002-01-11,-3.5080929058099537,-15.894035272551578,46.16900784309514,-15.904274246549964
2002-01-12,-4.563146283644145,-15.914392738172737,46.1053908684244,-15.312415345174973
2002-01-13,-5.392072400962252,-15.80025329042742,45.95477723572672,-16.056358615251547
2002-01-14,-3.984814867556378,-14.147091044578598,46.09962190115894,-14.32241296288382
2002-01-15,-3.665371711286011,-15.847771566248722,44.99178235528099,-12.8036488070706
2002-01-16,-4.173895753457065,-16.006285269878965,45.78806365612397,-15.89267276579847
2002-01-17,-4.89220849267797,-15.00197498352736,45.80982662887842,-16.246261676699103
2002-01-18,-3.679459612064666,-17.508818768655235,44.1512618809461,-16.684677181756797
2002-01-19,-3.9819266257078265,-16.53562425273975,43.67846145733888,-17.074506679581162
2002-01-20,-3.268838394545474,-17.130174683872298,44.8905488904186,-16.458564158977534
2002-01-21,-2.87375012038184,-17.02385916098901,45.72073243257773,-17.345256599739468
2002-01-22,-1.618715818247705,-18.024858145200774,45.549804279317506,-19.131604528824198
2002-01-23,-2.5989346679822867,-19.477409499427008,46.9441613826442,-18.784190006010693
2002-01-24,-5.411127607784321,-16.885703788210122,45.72343927196042,-17.118180765973236
2002-01-25,-6.830735293864588,-17.056410259310184,45.75445723631703,-19.342098469618428
2002-01-26,-6.49130785191102,-17.32457026439239,45.085248188823826,-19.223486975993204
2002-01-27,-6.785310803794948,-16.255518608060264,43.938110602201505,-18.89585939948616
2002-01-28,-7.278712934567898,-15.125140219134195,42.24200004582667,-17.91272630056272
2002-01-29,-5.549139706308333,-17.31872450289759,41.7785138488479,-18.612643070374762
2002-01-30,-4.095212387325319,-16.97119299495355,41.669797649754024,-16.273865754028005
2002-01-31,-4.878974639100945,-17.205605876654328,41.979993910895736,-13.628235665783738
2002-02-01,-5.1375152393131485,-18.210884121004106,42.19172006447313,-14.410795005512243
2002-02-02,-4.793465523076776,-17.84344167640848,41.86079752478357,-13.424096535737963
2002-02-03,-5.82848660834808,-18.916027418482063,40.65193307481867,-13.749364209015589
2002-02-04,-4.805922938984028,-18.043584830744923,39.91407215661619,-13.948720686121504
2002-02-05,-5.340416105606925,-18.39040603381578,40.66752486105709,-13.121565642859856
2002-02-06,-5.473242466532797,-16.99759768592385,42.42680694469613,-12.636111672735712
2002-02-07,-5.06087359183299,-16.410600845945677,41.20736658197118,-12.473274362879499
2002-02-08,-6.633090537271117,-15.195623425238576,40.96373236580432,-10.19414252640328
2002-02-09,-6.131142653188481,-15.09877243141498,42.36699489564704,-10.71777246996658
2002-02-10,-5.498663801107191,-16.03706172320234,41.859443269448,-10.613992608846795
2002-02-11,-4.989581070879899,-15.818790706394033,42.18715484919461,-10.838636444308122
2002-02-12,-4.276656498968796,-15.030831740120922,43.47784483895335,-11.759622712003154
2002-02-13,-5.528256867487722,-13.855423086791923,42.15517513938157,-11.224213410228348
2002-02-14,-5.886446731200871,-14.054373425250931,41.46738049596005,-10.452865107256018
2002-02-15,-5.1576872272019285,-14.03186206457454,41.40967194321304,-10.404073508806622
2002-02-16,-6.683851409441861,-14.809582970837681,41.8050392045469,-12.62013226039928
2002-02-17,-6.653084841664845,-14.551685795682259,44.10579530480226,-13.000608671765841
2002-02-18,-7.571906428600517,-14.291172298598083,44.043254356105756,-13.53149004501922
2002-02-19,-5.839935195765991,-12.573807733937723,43.955369021270684,-12.88008753395493
2002-02-20,-4.539173142123847,-15.203426578923848,43.26662899995905,-13.534195621977064
2002-02-21,-4.507317260697358,-14.95882795323461,44.05374382022689,-12.87335967650071
2002-02-22,-3.298571042617292,-14.270810633356902,43.95950878606959,-12.922641287474267
2002-02-23,-4.176897420316488,-11.947735952131213,44.2490544491013,-10.185376669256206
2002-02-24,-5.303422297965131,-12.26998024478359,44.93012746848561,-11.518316366021388
2002-02-25,-6.1077840158101635,-11.545163748161245,45.6325756006184,-11.902338007627868
2002-02-26,-4.352631345382513,-10.999601640956618,45.41520888550452,-13.391315791957972
2002-02-27,-3.1512560705344566,-9.278562934695834,45.36616890188221,-14.026236807855318
2002-02-28,-3.5721332837809063,-9.077797084648566,46.21164703486953,-16.01125432741273
2002-03-01,-5.3780920119332665,-7.606006261115917,45.82942591302331,-15.4014923418502
2002-03-02,-5.572500743465768,-8.383917422892452,46.02993303664426,-14.488803562638655
2002-03-03,-5.855215523819926,-8.49334972548591,46.50729971192428,-14.317186765405738
2002-03-04,-5.4014130302089995,-8.293697571096342,45.43499582976689,-15.105629655729256
2002-03-05,-6.315369705852132,-8.042153104431756,45.061613056668044,-15.954502075867229
2002-03-06,-7.151069778476667,-7.582147488817378,46.07749493503666,-15.9171220651412
2002-03-07,-6.201249144791775,-7.058797785501917,46.533271936126,-14.780395379531846
2002-03-08,-6.704346349712081,-7.007319037168012,46.62749068097251,-13.577774469313384
2002-03-09,-6.902601884909819,-8.396792517014559,46.676053588595266,-15.487695340093929
2002-03-10,-6.161057786641142,-9.076898998092267,47.43921580042431,-15.297438015512059
2002-03-11,-5.7844484687073505,-8.45036632042838,45.52207873737279,-14.959766441521369
2002-03-12,-4.831780296676291,-8.502972622607173,44.81173274060185,-14.710325113221238
2002-03-13,-4.589970732382827,-8.566279730059556,45.39724119360128,-15.846776067017457
2002-03-14,-4.79729233572298,-9.029790876992717,46.47222818024912,-15.979433691406152
2002-03-15,-5.331582335759919,-9.85922965947873,46.41612488648697,-15.103834662813892
2002-03-16,-5.299725685074171,-8.293344991425544,47.11485258833597,-14.02967815726364
2002-03-17,-6.194785590928506,-8.775400102388481,47.415098663239526,-14.406652368063773
2002-03-18,-6.082801338450584,-9.254373339492508,48.816364186835074,-15.003843678728268
2002-03-19,-5.558491239925751,-10.45044967730003,49.599999421888334,-14.853506496519875
2002-03-20,-7.876566350553196,-12.413489775752026,49.266634199258824,-15.134698398862653
2002-03-21,-8.019456397694569,-11.932353174528627,50.01159404805968,-14.336095486276584
2002-03-22,-8.67313324756772,-10.686477520541773,50.601881057512855,-14.458458252380959
2002-03-23,-9.14266615927868,-11.728951711966719,51.09222869003682,-15.543487296340473
2002-03-24,-10.296862514831716,-11.94285050455309,52.69173580419767,-15.753297839716504
2002-03-25,-10.318998445464976,-11.39281373594751,53.195375405139316,-16.453916510701557
2002-03-26,-10.502485713749381,-12.982982672477377,55.07603530077509,-15.998565498757387
2002-03-27,-9.836866396403288,-12.90397175301308,56.248909992823144,-15.76325362190312
2002-03-28,-10.056177104889821,-13.401661287300177,56.588296668510466,-14.625216015449936
2002-03-29,-9.843106169880734,-14.348848758393618,55.35076197917554,-13.922031426662814
2002-03-30,-11.532227318155565,-16.078837928590044,56.02510312711672,-12.167866776667868
2002-03-31,-11.716229852845064,-15.360229813557451,57.94191214016383,-13.178332413078106
2002-04-01,-12.962989509277486,-15.29681562283707,59.85861882088981,-13.630284665981906
2002-04-02,-11.769194713929231,-17.32003694525669,59.31101343736299,-13.193728752721135
2002-04-03,-12.831809628788921,-15.973463819083245,60.433644714264716,-12.92807291397631
2002-04-04,-11.098363497741705,-16.05162847182765,61.099373938834475,-14.72133377595731
2002-04-05,-9.97529639598971,-16.30258558778593,62.95069885582315,-14.370666962488464
2002-04-06,-9.157603313878802,-17.030177663795442,64.74080811497663,-14.13481660145643
2002-04-07,-8.536435366253265,-17.21433004102385,63.35328133983717,-15.050778190517326
2002-04-08,-7.34023374411996,-16.252514763392902,62.33210651282107,-16.330979644253926
2002-04-09,-6.859154185926143,-15.954243407402835,60.73587319882888,-15.843224588340169
2002-04-10,-8.549861371888182,-15.218693908348087,61.09578448414795,-15.17994098509375
2002-04-11,-11.106665100663944,-16.167159041773708,62.119969559913926,-14.877361099632855
2002-04-12,-9.19725082702923,-16.520480387648828,61.41424019674399,-14.219221508243647
2002-04-13,-9.378256630101399,-16.533084802506103,60.67151262795527,-12.545027235384298
2002-04-14,-8.648832411959921,-15.868471131668981,60.34687724806067,-12.576213704982438
2002-04-15,-9.108670139306222,-14.792738328052454,60.967271442240765,-13.103191221592004
2002-04-16,-9.415321628728691,-14.763659452325385,61.13747853435436,-13.573513579516346
2002-04-17,-9.476584326857214,-14.94395575457468,62.303797190387925,-14.409345926651907
2002-04-18,-9.036854857081261,-13.436882951597056,63.40655012154711,-12.595173281250988
2002-04-19,-9.577102198639654,-13.346897962551429,64.58257436121836,-13.429500469433782
2002-04-20,-11.696772875382655,-12.361140425059133,65.20965143502842,-13.518205931271815
2002-04-21,-12.832747725338816,-11.613056949220695,62.56296992046221,-14.230298264299911
2002-04-22,-12.429692611511719,-13.488065748804877,63.882217505156454,-13.63481495107896
2002-04-23,-12.734741975190117,-12.530668201947911,65.90080558555033,-15.326366376557255
2002-04-24,-10.96838440983472,-10.987933110865285,66.57677491536246,-14.666799149658475
2002-04-25,-12.87443208145177,-10.715853611590086,65.30772124672895,-13.311652302269085
2002-04-26,-12.384876567722435,-11.408571132899276,66.08010135454879,-14.203801163240168
2002-04-27,-12.049431747965324,-12.02950747431234,66.1012347235203,-14.847746221768038
2002-04-28,-11.274275495293793,-11.922975136472429,67.0336201389718,-16.83331808083994
2002-04-29,-11.850871874383401,-12.318963227761998,67.45426071621397,-15.586625877814024
2002-04-30,-12.235760854823933,-12.201476581947656,67.75497281636162,-16.716260103407556
2002-05-01,-12.712371577349126,-13.007859206476658,67.49682038937277,-17.28944922109341
2002-05-02,-12.750360371326876,-12.890131601485491,67.69348392202656,-17.596090069825326
2002-05-03,-12.457619584968768,-12.40236519757108,67.1129269474107,-16.810819535433144
2002-05-04,-12.822720488959732,-12.949647671484747,65.4436632482936,-16.409104898652068
2002-05-05,-12.843134204881302,-12.959409437249038,65.7800982847005,-16.733126330954004
2002-05-06,-13.224547986791501,-13.7252756464346,67.18538796651792,-16.511947424592375
2002-05-07,-12.786087774472229,-14.524211188289364,67.31475808005575,-16.26023919632728
2002-05-08,-12.026463029920802,-14.535437291462605,68.06528255086478,-15.792389170573925
2002-05-09,-12.397852883055696,-15.74317701093561,68.19885174905043,-16.8046797075406
2002-05-10,-11.424511252289347,-15.617827692178889,68.0805835131335,-16.028530440772784
2002-05-11,-13.076716851204038,-15.027605952797277,67.39372174056219,-16.010047262522804
2002-05-12,-12.375179014422878,-15.915261635733087,66.84684560416474,-15.6625194519522
2002-05-13,-12.646354536996773,-15.80594936145,67.1817677735002,-14.921612418529257
2002-05-14,-11.157701913895549,-16.29628617942479,66.95053626339558,-13.97258686070099
2002-05-15,-10.615644007570461,-14.145422754932346,66.72645580960331,-11.850897029683471
2002-05-16,-11.20463542329157,-14.545633957372544,68.50647689977197,-11.123602142392786
2002-05-17,-10.489938229456563,-12.692488764745171,68.86796149373669,-12.054817513739152
2002-05-18,-10.154663167735032,-13.409407175935302,68.29284896028497,-13.550396562605442
2002-05-19,-10.346013404251105,-11.975453588623822,67.56501182924535,-13.916363180132166
2002-05-20,-12.28001791733178,-12.725582893476627,67.57774278653955,-15.222579267524761
2002-05-21,-12.701966390997555,-12.525439708422784,69.19059216343882,-15.300175453019811
2002-05-22,-12.356366347182046,-13.313990624783944,69.81212377741882,-14.587963230852086
2002-05-23,-11.84660110279016,-14.176040226330327,69.83716175416004,-12.520022163351499
2002-05-24,-11.928774825735657,-14.191581612025113,70.96163352456044,-12.592568545055261
2002-05-25,-12.179291084462456,-14.298280365537687,68.92974085707769,-13.551965209541146
2002-05-26,-12.241254070952635,-14.606033534904748,69.70350681732626,-12.098706411223082
2002-05-27,-12.398024368337854,-13.345235523116818,70.22956564068133,-15.242338063203313
2002-05-28,-13.373672295922935,-14.253749540573294,70.52627796194943,-15.157658014232005
2002-05-29,-13.927659917438332,-14.592672137743282,71.1745544176259,-15.861579893094591
2002-05-30,-13.018241768810128,-15.584896423137575,71.10936214030785,-16.918636541783833
2002-05-31,-11.279577681167128,-16.45612887981119,70.01418908366894,-15.882545377807327
2002-06-01,-11.974208062436317,-17.540094965089295,70.6922004441932,-15.697709379226355
2002-06-02,-10.859198064460623,-15.206494159828257,71.06344822538308,-15.154700253666425
2002-06-03,-10.566030170391375,-14.83854207241673,70.59806443811868,-15.220759029352248
2002-06-04,-11.135407730304822,-13.705880984797524,70.7287177427432,-15.809920793964054
2002-06-05,-11.03308910326985,-12.470407951465436,72.56349362742093,-15.79039402347442
2002-06-06,-11.997004195870138,-12.803554831943709,70.77091716676067,-17.621806225186667
2002-06-07,-11.61744279614347,-10.824147331843301,70.50487082289816,-17.360844262037624
2002-06-08,-11.89193973253629,-11.750319648166855,70.5205775494904,-17.83887713938736
2002-06-09,-13.088237892603683,-12.502271325978285,68.93729130826728,-17.667624134007717
2002-06-10,-12.937868456435847,-13.117404122754458,68.09121290284921,-18.076519615769385
2002-06-11,-12.408355167006555,-13.213191001684848,68.44051397546517,-18.158756515592362
2002-06-12,-13.021176609327402,-12.370145783556467,68.52878962206772,-19.27659160586038
2002-06-13,-12.692120513753544,-14.031309123962375,68.05391806324678,-19.526290263810147
2002-06-14,-13.142732355526054,-14.608575136212238,69.91902633689183,-19.703639168166276
2002-06-15,-13.68413750162859,-15.062694181575582,67.88856506881643,-18.643618617810155
2002-06-16,-11.746122324288516,-16.34197610043561,67.84797747335394,-19.293058512954545
2002-06-17,-11.857771204140281,-14.638087473622836,67.65954163940772,-17.25750261941586
2002-06-18,-10.403841255736946,-15.519104562944012,68.84277015762322,-16.67432725936691
2002-06-19,-9.783805119014504,-14.439962794961975,68.29923722503375,-16.452611150904772
2002-06-20,-9.484612066308776,-15.227462551731131,67.70562358853218,-16.888186117965475
2002-06-21,-10.358400362225135,-14.816553501003185,68.05295506903751,-15.710199154550946
2002-06-22,-11.304708629300038,-14.259547323086057,67.20483754989453,-13.7583275918903
2002-06-23,-10.996853400516017,-15.585401022129272,67.0933859491368,-13.026803014609195
2002-06-24,-11.33030835523236,-15.56072639939427,65.76320094864015,-12.492347575801611
2002-06-25,-10.881085523008903,-14.22254946169276,64.20059422779202,-12.002912123693969
2002-06-26,-9.317530108803673,-13.462279512646026,65.52562042966238,-11.532027202560771
2002-06-27,-8.104468626233777,-12.927667732204826,64.46543704915864,-13.308723505018364
2002-06-28,-8.581105581749554,-13.681634780687315,64.31021235660585,-13.048091688550517
2002-06-29,-8.267014028147067,-13.069584650528396,66.24893642196444,-13.184142664713203
2002-06-30,-9.368373031629615,-11.732376805963701,65.80899351853743,-13.676056352715616
2002-07-01,-9.42043374888412,-10.463120376282534,65.16168271991538,-12.20775618008773
2002-07-02,-7.998742748312464,-9.347448266760296,65.3341536884105,-11.612139274824276
2002-07-03,-7.394694941118698,-10.523574745222465,66.09200778970586,-12.39137301357632
2002-07-04,-6.7790747426593745,-11.032528990577607,67.551486758058,-12.364275225365219
2002-07-05,-8.917735614189887,-9.560118773386534,67.39007522085124,-13.371133024351508
2002-07-06,-8.056994634999787,-10.205982017456659,67.99630210406305,-14.47924657210064
2002-07-07,-7.485975051236914,-10.365103609067221,68.35545927564193,-14.243958328990434
2002-07-08,-8.164705953918524,-9.516348560561207,69.22451673427352,-13.635785812690681
2002-07-09,-5.876601882164178,-10.327352773120877,68.43894635306901,-14.71821037836068
2002-07-10,-6.295048638990764,-10.473373229846723,66.68229085609582,-14.378434645288213
2002-07-11,-7.439068180278011,-10.715057324076259,66.94345086690477,-14.313824692875833
2002-07-12,-7.467106702741779,-10.964078149095904,68.44842971914193,-14.587171099597763
2002-07-13,-7.976709684117498,-11.721283473967542,69.09881206999368,-14.498075960807048
2002-07-14,-7.10915336101223,-12.043315605403688,69.86009111217544,-14.72496896590351
2002-07-15,-8.21076619354034,-11.500115048571848,71.27512315359398,-14.453507659486569
2002-07-16,-8.229641322957264,-12.771061054185218,71.99224838515843,-13.915193076362279
2002-07-17,-7.301788366768683,-12.84751779442615,71.94491252112526,-14.0170619753102
2002-07-18,-7.840016284278406,-13.225944878529322,71.3516817912548,-12.600439419246316
2002-07-19,-8.00614524783749,-13.754874461065874,72.45380448135211,-12.381186560043764
2002-07-20,-7.776306753482456,-13.138809064956083,71.45369180628069,-13.167241965688312
2002-07-21,-7.985780165146043,-13.34595804165369,71.2488845444682,-13.812918250517342
2002-07-22,-7.025791288667413,-12.871303227332417,71.88334129642638,-13.716200401705144
2002-07-23,-6.70326262604621,-12.97468254251919,73.80342888195534,-12.829348742001116
2002-07-24,-5.090678653478154,-12.501312806918575,73.32748907646676,-12.10129016255903
2002-07-25,-5.0924904425107895,-13.038459668978364,74.42644219968079,-12.714236198079623
2002-07-26,-4.534097764018672,-11.880753288114551,74.8657021676605,-12.754143367328258
2002-07-27,-5.048238390114577,-13.298210093630606,73.95298679938499,-14.119301503674938
2002-07-28,-4.782439585119811,-14.21110876566258,72.25137071800535,-13.817140478237441
2002-07-29,-4.25007915426044,-13.285732020731729,71.6919306533372,-14.022232573999725
2002-07-30,-4.600096406208583,-12.825170638581831,73.61762943789273,-13.591795230308778
2002-07-31,-3.545772301023539,-13.726987887689885,74.00680518845182,-13.215675573672323
2002-08-01,-3.376431408057218,-12.83962372603095,75.36006126524455,-13.12309235684066
2002-08-02,-3.1982738711690413,-10.82398170516969,74.90322527961185,-12.298430311802116
2002-08-03,-2.1788935271512337,-9.385871112997268,72.78579659237293,-12.556295162448993
2002-08-04,-2.5170722314193763,-9.981493242509922,71.94918411379022,-14.08603167394733
2002-08-05,-3.3243949000692297,-9.135392438938114,73.76791701903319,-14.989840579069845
2002-08-06,-1.9009929753214387,-9.34238736969582,74.53891659492957,-16.183888748242246
2002-08-07,-1.0372079944384185,-9.26417545805335,75.76582174229297,-16.613358256635752
2002-08-08,-0.08046919244910178,-9.59885234253482,76.06023398359014,-16.96265356865111
2002-08-09,0.6759741213909438,-8.830851243795628,76.70648418992474,-17.812032590104213
2002-08-10,-1.0475292710826232,-8.132789053954816,75.51610052731606,-18.16167079193329
2002-08-11,-1.9982200056568784,-8.15990594632846,75.87258964091326,-17.303660806913424
2002-08-12,-2.2173295850856687,-8.155778330352389,75.78979895059445,-18.100074076032687
2002-08-13,-1.2460485704827273,-7.2465570904130185,77.33884738870238,-18.840022795683595
2002-08-14,-0.10550981180440555,-7.438788564717771,77.81375771804584,-18.258031995218882
2002-08-15,0.05971995016563775,-7.709100821480454,78.44707444641224,-17.798583949600825
2002-08-16,-0.6794553895089293,-9.008801740104149,77.3505838073157,-17.259885355298064
2002-08-17,-1.1979118454818867,-9.988611833090394,76.54060439267295,-18.880787426845767
2002-08-18,-2.0561290830802186,-11.737251920853137,77.18213754195479,-18.681450799493007
2002-08-19,-3.177164667327407,-11.386285160276632,77.76208323183394,-19.26807019686543
2002-08-20,-3.6186474042782875,-9.828797398416164,76.78727643962617,-18.461386856602
2002-08-21,-3.7417518135256587,-8.958373106200654,77.08970200675148,-18.23028206336923
2002-08-22,-2.748719857151873,-9.692197654355128,78.65408953774441,-18.27530510253898
2002-08-23,-1.9951075702644605,-11.044693843623364,78.3412871410565,-18.506607103762597
2002-08-24,-2.589106810963103,-11.45598269746326,78.25328829928796,-16.930121822731383
2002-08-25,-2.4982295815429123,-11.306277321198175,79.17253092759593,-16.683885067054856
2002-08-26,-5.000429740423229,-12.196231749925458,78.53626149722939,-16.609624945780762
2002-08-27,-4.9557310994027794,-13.778968932391699,79.7475653049209,-16.1844049021141
2002-08-28,-3.700659075808793,-14.908166026174474,77.3548147929233,-15.198303621150938
2002-08-29,-3.832697964891096,-15.36394749809038,76.96425313497963,-14.93329349084871
2002-08-30,-4.136312035258233,-14.193765644747444,76.61061808844924,-16.841924245874917
2002-08-31,-3.3179979889511566,-14.377487193308149,75.80878419329973,-17.00926184883737
2002-09-01,-3.126319740470199,-14.865398854586928,77.71785882511982,-16.713165484045334
2002-09-02,-2.8766619184562825,-16.628911835620862,77.39251209845426,-16.07764955199828
2002-09-03,-3.5336575922644373,-15.304880854028625,77.8894221192676,-15.43321515932171
2002-09-04,-3.1520670352347944,-15.272317561583394,78.1400028466303,-14.263527399261404
2002-09-05,-2.6667716121797103,-15.94895073592831,76.34027448844255,-13.922831579081956
2002-09-06,-2.5025444296945922,-13.99433833921049,76.22022149723189,-12.921089592727919
2002-09-07,-3.113251499964888,-16.21521884564214,75.85175057218288,-12.20218411665703
2002-09-08,-3.138585916063357,-14.875175306672634,74.42260675731764,-12.484443228248061
2002-09-09,-3.2551299743448334,-16.045225446568928,73.82549001653429,-12.327480190834455
2002-09-10,-2.1960547921986295,-16.183975111855588,72.33012579798682,-9.72552217747931
2002-09-11,-2.4132444728153897,-17.07681006565178,72.28172956613292,-10.278089217112054
2002-09-12,-3.2541672768328205,-16.1519438617703,72.58451326026879,-9.324589044553756
2002-09-13,-4.2434103916071075,-16.754853981921936,73.03579494940796,-8.963880578203318
2002-09-14,-1.8225074434426771,-17.059649524959898,71.51565308549367,-9.30545049443518
2002-09-15,-1.9704672002049357,-16.75993421676243,72.45893309057759,-10.252266079794287
2002-09-16,-1.1022319427657519,-15.831743084614983,71.07758321664333,-10.185374193001257
2002-09-17,0.46791663970518216,-17.30486864415533,70.09475928862156,-9.602351675846716
2002-09-18,-0.4046288245252274,-16.24461410724789,69.08605066069974,-8.229384960178008
2002-09-19,0.5495404937759387,-16.94329239047102,69.63667720594022,-9.196464178663923
2002-09-20,0.35089786110071874,-16.93886582486735,70.98518199825361,-9.49239702243254
2002-09-21,1.778138088325983,-16.56473590176728,72.45834313636176,-10.200607640402746
2002-09-22,1.309761796169703,-15.698898702535985,73.27948815780107,-10.219626549359145
2002-09-23,1.3495932300762725,-16.747859675455647,73.93338468419266,-11.264044161002351
2002-09-24,1.5574114217373551,-19.048461294654672,74.56597932778587,-10.065995453751293
2002-09-25,1.1612999364554137,-18.74248682396002,74.15775296664198,-8.999017244120378
2002-09-26,1.0303920535269426,-18.44753117293769,72.31780316188664,-8.546232911153016
